<?xml version="1.0" encoding="UTF-8"?>
<project-private xmlns="http://www.netbeans.org/ns/project-private/1">
    <editor-bookmarks xmlns="http://www.netbeans.org/ns/editor-bookmarks/2" lastBookmarkId="0"/>
    <open-files xmlns="http://www.netbeans.org/ns/projectui-open-files/2">
        <group>
            <file>file:/D:/Pai/Produktif/Java/TokoBuku1/src/views/login.java</file>
            <file>file:/D:/Pai/Produktif/Java/TokoBuku1/src/views/form_beli.java</file>
            <file>file:/D:/Pai/Produktif/Java/TokoBuku1/src/views/D_pelanggan.java</file>
            <file>file:/D:/Pai/Produktif/Java/TokoBuku1/src/views/D_buku.java</file>
            <file>file:/D:/Pai/Produktif/Java/TokoBuku1/src/views/Form_admin.java</file>
            <file>file:/D:/Pai/Produktif/Java/TokoBuku1/src/views/D_distributor.java</file>
            <file>file:/D:/Pai/Produktif/Java/TokoBuku1/src/koneksi/config.java</file>
            <file>file:/D:/Pai/Produktif/Java/TokoBuku1/src/views/Test.java</file>
        </group>
    </open-files>
</project-private>
